commune;code_insee;code_postal;epci;departement;nombre_de_souscriptions_vae_classique;nombre_de_souscriptions_cargo;nombre_de_souscriptions_jo
ABLON SUR SEINE;94480;94001;EPT Grand Orly Val de Bièvre Seine Amont;94;13;<5;0
AMIENS;80090;80021;CA Amiens Métropole;80;<5;0;0
AUBUSSON;23200;23008;CC Creuse Grand Sud;23;<5;0;0
AULNAY SUR MAULDRE;78126;78033;CU Grand Paris Seine et Oise;78;6;0;0
AUTREVILLE SUR LA RENNE;52330;52031;CC des Trois Forêts;52;<5;0;0
BEAUCHAMP;95250;95051;CA Val Parisis;95;12;0;<5
BEAUPREAU EN MAUGES;49510;49023;CA Mauges Communauté;49;<5;0;0
BEAUVAIS;60000;60057;CA du Beauvaisis;60;<5;0;0
BOISSY LE CUTTE;91590;91080;CC Entre Juine et Renarde (CCEJR);91;<5;0;0
BONNEVAL;28800;28051;CC du Bonnevalais;28;<5;0;0
BORDEAUX;33000;33063;Bordeaux Métropole;33;<5;0;0
BOUAFLE;78410;78090;CU Grand Paris Seine et Oise;78;<5;0;0
BOULOGNE BILLANCOURT;92100;92012;EPT Grand Paris Seine Ouest;92;1711;230;35
BOURAY SUR JUINE;91850;91095;CC Entre Juine et Renarde (CCEJR);91;<5;0;0
BOURRON MARLOTTE;77780;77048;CA du Pays de Fontainebleau;77;<5;0;0
BRANSLES;77620;77050;CC Gâtinais Val de Loing;77;0;<5;0
BRAY SUR SEINE;77480;77051;CC Bassée-Montois;77;<5;0;0
BREVAL;78980;78107;CC Les Portes de l'Ile de France;78;<5;0;0
CALUIRE ET CUIRE;69300;69034;Métropole de Lyon;69;<5;0;0
CERNY;91590;91129;CC du Val d'Essonne (CCVE);91;<5;0;0
CESSON;77240;77067;CA Grand Paris Sud Seine Essonne Sénart;77;<5;0;0
CHALETTE SUR LOING;45120;45068;CA Montargoise et Rives du Loing (A.M.E.);45;<5;0;0
CHAMPLAN;91160;91136;CA Communauté Paris-Saclay;91;<5;<5;0
CHARTRETTES;77590;77096;CA du Pays de Fontainebleau;77;11;<5;0
CHATENAY MALABRY;92290;92019;EPT Vallée Sud Grand Paris;92;331;24;<5
CHATOU;78400;78146;CA Saint-Germain Boucles de Seine;78;167;24;<5
CHAUMONTEL;95270;95149;CC Carnelle Pays-De-France;95;0;<5;0
CHEPTAINVILLE;91630;91156;CA Cœur d'Essonne Agglomération;91;6;0;0
CHEVREUSE;78460;78160;CC de la Haute Vallée de Chevreuse;78;16;<5;0
CHILLY MAZARIN;91380;91161;CA Communauté Paris-Saclay;91;33;<5;0
CHOISEL;78460;78162;CC de la Haute Vallée de Chevreuse;78;8;0;0
COMBS LA VILLE;77380;77122;CA Grand Paris Sud Seine Essonne Sénart;77;30;<5;0
CONCHES SUR GONDOIRE;77600;77124;CA Marne et Gondoire;77;<5;0;0
COUILLY PONT AUX DAMES;77860;77128;CA Coulommiers Pays de Brie;77;<5;0;0
COULOMMIERS;77120;77131;CA Coulommiers Pays de Brie;77;12;<5;0
COURTRY;77181;77139;CA Paris - Vallée de la Marne;77;<5;0;0
COYE LA FORET;60580;60172;CC de l'Aire Cantilienne;60;<5;0;0
CREGY LES MEAUX;77124;77143;CA du Pays de Meaux;77;7;0;0
CRETEIL;94000;94028;EPT Grand Paris Sud Est Avenir;94;370;28;<5
CROSNE;91560;91191;CA Val d'Yerres Val de Seine;91;38;0;0
DONNEMARIE DONTILLY;77520;77159;CC Bassée-Montois;77;<5;0;0
DORDIVES;45680;45127;CC des Quatre Vallées;45;<5;0;0
DROUE SUR DROUETTE;28230;28135;CC des Portes Euréliennes d'Île-de-France;28;<5;0;0
EAUBONNE;95600;95203;CA Val Parisis;95;73;9;<5
ENNERY;95300;95211;CC Sausseron Impressionnistes;95;<5;<5;0
EPERNON;28230;28140;CC des Portes Euréliennes d'Île-de-France;28;<5;0;0
EPINAY SOUS SENART;91860;91215;CA Val d'Yerres Val de Seine;91;13;0;<5
ETAMPES;91150;91223;CA Étampois Sud-Essonne;91;26;<5;0
ETIOLLES;91450;91225;CA Grand Paris Sud Seine Essonne Sénart;91;8;<5;0
EVREUX;27000;27229;CA Evreux Portes de Normandie;27;<5;0;0
FLINS SUR SEINE;78410;78238;CU Grand Paris Seine et Oise;78;<5;0;0
FOLLAINVILLE DENNEMONT;78520;78239;CU Grand Paris Seine et Oise;78;6;0;0
FONTAINEBLEAU;77300;77186;CA du Pays de Fontainebleau;77;37;<5;0
FONTENAY LE FLEURY;78330;78242;CA Versailles Grand Parc (C.A.V.G.P.);78;33;<5;<5
FREPILLON;95740;95256;CA Val Parisis;95;6;<5;0
GARANCIERES;78890;78265;CC Cœur d'Yvelines;78;<5;<5;0
GARGES LES GONESSE;95140;95268;CA Roissy Pays de France;95;61;<5;0
GAZERAN;78125;78269;CA Rambouillet Territoires;78;<5;0;<5
GENNEVILLIERS;92230;92036;EPT Boucle Nord de Seine;92;243;19;<5
GIF SUR YVETTE;91190;91272;CA Communauté Paris-Saclay;91;94;6;<5
GOMETZ LA VILLE;91400;91274;CC du Pays de Limours (CCPL);91;<5;0;0
GRENOBLE;38100;38185;Grenoble-Alpes-Métropole;38;<5;0;0
GUERMANTES;77600;77221;CA Marne et Gondoire;77;<5;<5;0
ISLES LES MELDEUSES;77440;77231;CC du Pays de l'Ourcq;77;<5;0;0
ISSOU;78440;78314;CU Grand Paris Seine et Oise;78;<5;0;<5
L ISLE ADAM;95290;95313;CC de la Vallée de l'Oise et des Trois Forêts;95;13;0;0
LA FRETTE SUR SEINE;95530;95257;CA Val Parisis;95;7;0;0
LA ROCHE GUYON;95780;95523;CC du Vexin-Val de Seine;95;<5;0;0
LA ROCHETTE;77000;77389;CA Melun Val de Seine;77;5;<5;0
LA VERRIERE;78320;78644;CA de Saint-Quentin-en-Yvelines;78;<5;0;0
LAINVILLE EN VEXIN;78440;78329;CU Grand Paris Seine et Oise;78;<5;0;0
LANEUVEVILLE DEVANT NANCY;54410;54300;Métropole du Grand Nancy;54;<5;0;0
LE BLANC MESNIL;93150;93007;EPT Paris Terre d'Envol;93;140;<5;<5
LE HEAULME;95640;95303;CC Vexin Centre;95;<5;0;0
LE PERRAY EN YVELINES;78610;78486;CA Rambouillet Territoires;78;5;<5;0
LE THILLAY;95500;95612;CA Roissy Pays de France;95;<5;0;0
LE VESINET;78110;78650;CA Saint-Germain Boucles de Seine;78;86;16;0
LEGUEVIN;31490;31291;CC de la Save au Touch;31;<5;0;0
LES LOGES EN JOSAS;78350;78343;CA Versailles Grand Parc (C.A.V.G.P.);78;28;<5;0
LES MUREAUX;78130;78440;CU Grand Paris Seine et Oise;78;59;0;0
LILLE;59000;59350;Métropole Européenne de Lille;59;<5;0;0
LIMEIL BREVANNES;94450;94044;EPT Grand Paris Sud Est Avenir;94;63;<5;0
LIVERDY EN BRIE;77220;77254;CC Val Briard;77;<5;0;0
LIVRY SUR SEINE;77000;77255;CA Melun Val de Seine;77;<5;0;0
LOCQUENOLE;29670;29132;CA Morlaix Communauté;29;<5;0;0
LONGJUMEAU;91160;91345;CA Communauté Paris-Saclay;91;36;<5;0
LONGPONT SUR ORGE;91310;91347;CA Cœur d'Essonne Agglomération;91;10;<5;0
MAFFLIERS;95560;95353;CC Carnelle Pays-De-France;95;<5;0;0
MAGNY LES HAMEAUX;78114;78356;CA de Saint-Quentin-en-Yvelines;78;18;<5;0
MAISONS LAFFITTE;78600;78358;CA Saint-Germain Boucles de Seine;78;82;14;<5
MANTES LA JOLIE;78200;78361;CU Grand Paris Seine et Oise;78;131;0;0
MARLY LE ROI;78160;78372;CA Saint-Germain Boucles de Seine;78;57;<5;0
MERE;78490;78389;CC Cœur d'Yvelines;78;<5;<5;0
MEREVILLE;91660;91390;CA Étampois Sud-Essonne;91;<5;0;0
MERY SUR OISE;95540;95394;CC de la Vallée de l'Oise et des Trois Forêts;95;9;<5;0
MONTALET LE BOIS;78440;78416;CU Grand Paris Seine et Oise;78;<5;0;0
MONTARGIS;45200;45208;CA Montargoise et Rives du Loing (A.M.E.);45;<5;0;0
MONTGERON;91230;91421;CA Val d'Yerres Val de Seine;91;69;6;0
MONTIGNY SUR LOING;77690;77312;CC Moret Seine et Loing;77;6;0;0
MONTLHERY;91310;91425;CA Communauté Paris-Saclay;91;9;<5;0
MONTMAGNY;95360;95427;CA Plaine Vallée;95;34;<5;0
MORSANG SUR ORGE;91390;91434;CA Cœur d'Essonne Agglomération;91;38;0;<5
NANGIS;77370;77327;CC Brie Nangissienne;77;6;0;0
NANTES;44000;44109;Nantes Métropole;44;<5;0;0
NANTEUIL LES MEAUX;77100;77330;CA du Pays de Meaux;77;5;0;0
NEUILLY PLAISANCE;93360;93049;EPT Grand Paris Grand Est;93;103;10;<5
NEUILLY SUR MARNE;93330;93050;EPT Grand Paris Grand Est;93;101;<5;<5
NEUILLY SUR SEINE;92200;92051;EPT Paris Ouest La Défense;92;630;81;13
NEVERS;58000;58194;CA de Nevers;58;<5;0;0
NIORT;79000;79191;CA du Niortais;79;<5;0;0
NOISY LE GRAND;93160;93051;EPT Grand Paris Grand Est;93;206;10;0
NOYON;60400;60471;CC du Pays Noyonnais;60;<5;0;0
NUCOURT;95420;95459;CC Vexin Centre;95;<5;0;0
OLLAINVILLE;91340;91461;CA Cœur d'Essonne Agglomération;91;5;0;0
ORGEVAL;78630;78466;CU Grand Paris Seine et Oise;78;9;0;0
ORMESSON;77167;77348;CC Pays de Nemours;77;<5;0;0
ORMOY;91540;91468;CC du Val d'Essonne (CCVE);91;<5;0;0
ORMOY LA RIVIERE;91150;91469;CA Étampois Sud-Essonne;91;<5;0;0
OZOUER LE VOULGIS;77390;77352;CC Brie des Rivières et Châteaux;77;<5;0;0
PARAY DOUAVILLE;78660;78478;CA Rambouillet Territoires;78;<5;0;0
PARAY VIEILLE POSTE;91550;91479;EPT Grand Orly Val de Bièvre Seine Amont;91;16;<5;0
PARIS 03;75003;75103;Paris;75;830;52;6
PARIS 04;75004;75104;Paris;75;534;50;10
PARIS 05;75005;75105;Paris;75;995;81;17
PARIS 08;75008;75108;Paris;75;612;44;12
PARIS 09;75009;75109;Paris;75;1801;85;17
PARIS 10;75010;75110;Paris;75;2859;147;27
PARIS 12;75012;75112;Paris;75;2367;172;30
PARIS 14;75014;75114;Paris;75;2226;102;37
PECY;77970;77357;CC Val Briard;77;<5;0;0
PLAISIR;78370;78490;CA de Saint-Quentin-en-Yvelines;78;46;<5;0
POIGNY LA FORET;78125;78497;CA Rambouillet Territoires;78;<5;0;0
PONTAULT COMBAULT;77340;77373;CA Paris - Vallée de la Marne;77;32;<5;0
PRINGY;77310;77378;CA Melun Val de Seine;77;<5;0;0
PUISEUX PONTOISE;95650;95510;CA de Cergy-Pontoise;95;<5;0;0
PUTEAUX;92800;92062;EPT Paris Ouest La Défense;92;409;32;6
RAMBOUILLET;78120;78517;CA Rambouillet Territoires;78;28;5;0
ROINVILLE;91410;91525;CC Le Dourdannais en Hurepoix (CCDH);91;<5;0;0
ROMAINVILLE;93230;93063;EPT Est Ensemble;93;619;31;<5
ROSNY SOUS BOIS;93110;93064;EPT Grand Paris Grand Est;93;236;16;<5
ROUEN;76000;76540;Métropole Rouen Normandie;76;<5;0;0
SARTROUVILLE;78500;78586;CA Saint-Germain Boucles de Seine;78;171;14;<5
SAULX LES CHARTREUX;91160;91587;CA Communauté Paris-Saclay;91;18;<5;0
SEPTEUIL;78790;78591;CC du Pays Houdanais (C.C.P.H.);78;0;<5;0
SIGNY SIGNETS;77640;77451;CA Coulommiers Pays de Brie;77;<5;0;0
SOUZY LA BRICHE;91580;91602;CC Entre Juine et Renarde (CCEJR);91;<5;0;0
ST ARNOULT EN YVELINES;78730;78537;CA Rambouillet Territoires;78;<5;0;0
ST BRICE SOUS FORET;95350;95539;CA Plaine Vallée;95;17;<5;<5
ST CLOUD;92210;92064;EPT Paris Ouest La Défense;92;461;56;7
ST CYR SOUS DOURDAN;91410;91546;CC Le Dourdannais en Hurepoix (CCDH);91;<5;0;0
ST FARGEAU PONTHIERRY;77310;77407;CA Melun Val de Seine;77;8;0;0
ST GERMAIN LES ARPAJON;91180;91552;CA Cœur d'Essonne Agglomération;91;10;0;0
ST GERMAIN SUR MORIN;77860;77413;CA Val d'Europe Agglomération;77;<5;0;0
ST GRATIEN;95210;95555;CA Plaine Vallée;95;58;<5;<5
ST MAURICE;94410;94069;EPT Paris Est Marne et Bois;94;157;14;<5
ST MICHEL SUR ORGE;91240;91570;CA Cœur d'Essonne Agglomération;91;20;<5;0
ST OUEN L AUMONE;95310;95572;CA de Cergy-Pontoise;95;33;<5;0
ST PIERRE DU PERRAY;91280;91573;CA Grand Paris Sud Seine Essonne Sénart;91;10;0;0
ST PIERRE LES NEMOURS;77140;77431;CC Pays de Nemours;77;<5;0;0
ST SAUVEUR SUR ECOLE;77930;77435;CA du Pays de Fontainebleau;77;<5;0;0
STRASBOURG;67000;67482;Eurométropole de Strasbourg;67;<5;0;0
TAVERNY;95150;95607;CA Val Parisis;95;48;<5;0
TIGERY;91250;91617;CA Grand Paris Sud Seine Essonne Sénart;91;<5;0;0
TILLY;78790;78618;CC du Pays Houdanais (C.C.P.H.);78;<5;0;0
TOUSSUS LE NOBLE;78117;78620;CA Versailles Grand Parc (C.A.V.G.P.);78;15;<5;0
TREMBLAY EN FRANCE;93290;93073;EPT Paris Terre d'Envol;93;54;<5;<5
VAIRES SUR MARNE;77360;77479;CA Paris - Vallée de la Marne;77;22;<5;5
VAUCIENNES;60117;60658;CC du Pays de Valois;60;<5;0;0
VAUHALLAN;91430;91635;CA Communauté Paris-Saclay;91;20;0;<5
VAUNOISE;61130;61498;CC des Collines du Perche Normand;61;<5;0;0
VEMARS;95470;95641;CA Roissy Pays de France;95;<5;0;0
VERT ST DENIS;77240;77495;CA Grand Paris Sud Seine Essonne Sénart;77;7;0;0
VIARMES;95270;95652;CC Carnelle Pays-De-France;95;<5;0;0
VILLEURBANNE;69100;69266;Métropole de Lyon;69;<5;0;0
VILLIERS LE MAHIEU;78770;78681;CC Cœur d'Yvelines;78;<5;0;0
VILLIERS SUR ORGE;91700;91685;CA Cœur d'Essonne Agglomération;91;12;0;0
VOULANGIS;77580;77529;CA Coulommiers Pays de Brie;77;<5;0;0
WISSOUS;91320;91689;CA Communauté Paris-Saclay;91;35;<5;0
ADAINVILLE;78113;78006;CC du Pays Houdanais (C.C.P.H.);78;<5;0;0
AIX EN PROVENCE;13090;13001;Métropole d'Aix-Marseille-Provence;13;<5;0;0
ANTONY;92160;92002;EPT Vallée Sud Grand Paris;92;664;64;5
ASNIERES SUR OISE;95270;95026;CC Carnelle Pays-De-France;95;<5;0;0
AULNAY SOUS BOIS;93600;93005;EPT Paris Terre d'Envol;93;207;<5;<5
AUVERS SUR OISE;95430;95039;CC Sausseron Impressionnistes;95;6;<5;0
BAGNEUX;92220;92007;EPT Vallée Sud Grand Paris;92;379;25;5
BALLANCOURT SUR ESSONNE;91610;91045;CC du Val d'Essonne (CCVE);91;5;<5;0
BANNOST VILLEGAGNON;77970;77020;CC du Provinois;77;0;<5;0
BESSANCOURT;95550;95060;CA Val Parisis;95;11;<5;<5
BEYNES;78650;78062;CC Cœur d'Yvelines;78;10;<5;0
BIEVRES;91570;91064;CA Versailles Grand Parc (C.A.V.G.P.);91;16;<5;0
BLAINCOURT LES PRECY;60460;60074;CC Thelloise;60;<5;0;0
BOIS D ARCY;78390;78073;CA Versailles Grand Parc (C.A.V.G.P.);78;17;0;0
BOISEMONT;95000;95074;CA de Cergy-Pontoise;95;<5;0;0
BOISSETTES;77350;77038;CA Melun Val de Seine;77;<5;0;0
BOISSY L AILLERIE;95650;95078;CC Vexin Centre;95;6;0;0
BONNELLES;78830;78087;CA Rambouillet Territoires;78;6;0;<5
BONNEUIL SUR MARNE;94380;94011;EPT Grand Paris Sud Est Avenir;94;50;<5;0
BOUFFEMONT;95570;95091;CA Plaine Vallée;95;<5;0;0
BOULLAY LES TROUX;91470;91093;CC du Pays de Limours (CCPL);91;<5;0;0
BOURGES;18000;18033;CA Bourges Plus;18;<5;0;0
BREUIL BOIS ROBERT;78930;78104;CU Grand Paris Seine et Oise;78;<5;0;0
BUC;78530;78117;CA Versailles Grand Parc (C.A.V.G.P.);78;80;8;<5
BUNO BONNEVAUX;91720;91121;CC des Deux Vallées;91;<5;0;0
BURES SUR YVETTE;91440;91122;CA Communauté Paris-Saclay;91;85;5;<5
BUSSIERES;77750;77057;CA Coulommiers Pays de Brie;77;<5;0;0
CACHAN;94230;94016;EPT Grand Orly Val de Bièvre Seine Amont;94;358;27;<5
CHALO ST MARS;91780;91130;CA Étampois Sud-Essonne;91;<5;0;0
CHAMPAGNE SUR SEINE;77430;77079;CC Moret Seine et Loing;77;9;0;0
CHAMPIGNY SUR MARNE;94500;94017;EPT Paris Est Marne et Bois;94;334;30;<5
CHANTELOUP EN BRIE;77600;77085;CA Marne et Gondoire;77;5;0;0
CHAPET;78130;78140;CU Grand Paris Seine et Oise;78;<5;0;0
CHARNY;77410;77095;CC Plaines et Monts de France;77;<5;0;0
CHATEAU LANDON;77570;77099;CC Gâtinais Val de Loing;77;<5;0;0
CHATIGNONVILLE;91410;91145;CA Étampois Sud-Essonne;91;<5;0;0
CHELLES;77500;77108;CA Paris - Vallée de la Marne;77;100;8;0
COLOMBES;92700;92025;EPT Boucle Nord de Seine;92;782;89;10
CONDECOURT;95450;95170;CC Vexin Centre;95;<5;0;0
CORMEILLES EN PARISIS;95240;95176;CA Val Parisis;95;79;<5;0
COUBRON;93470;93015;EPT Grand Paris Grand Est;93;8;0;0
COURSON MONTELOUP;91680;91186;CC du Pays de Limours (CCPL);91;0;<5;0
CRECY LA CHAPELLE;77580;77142;CA Coulommiers Pays de Brie;77;<5;0;0
CREIL;60100;60175;CA Creil Sud Oise;60;6;0;0
CRESPIERES;78121;78189;CC Gally Mauldre;78;0;0;<5
CROUY SUR OURCQ;77840;77148;CC du Pays de l'Ourcq;77;<5;0;0
DAMPMART;77400;77155;CA Marne et Gondoire;77;9;0;0
DANNEMOIS;91490;91195;CC des Deux Vallées;91;<5;0;0
DARVAULT;77140;77156;CC Pays de Nemours;77;0;<5;0
DRAVEIL;91210;91201;CA Val d'Yerres Val de Seine;91;59;5;0
DUGNY;93440;93030;EPT Paris Terre d'Envol;93;23;0;<5
ELBEUF;76500;76231;Métropole Rouen Normandie;76;<5;0;0
ERMONT;95120;95219;CA Val Parisis;95;65;<5;0
EVECQUEMONT;78740;78227;CU Grand Paris Seine et Oise;78;<5;0;0
FERICY;77133;77179;CC Brie des Rivières et Châteaux;77;<5;0;0
FLEXANVILLE;78910;78236;CC Cœur d'Yvelines;78;<5;0;0
FONTENAY AUX ROSES;92260;92032;EPT Vallée Sud Grand Paris;92;280;21;<5
FRESNES;94260;94034;EPT Grand Orly Val de Bièvre Seine Amont;94;126;7;<5
GAGNY;93220;93032;EPT Grand Paris Grand Est;93;117;<5;<5
GOMETZ LE CHATEL;91940;91275;CA Communauté Paris-Saclay;91;12;0;0
GOURNAY SUR MARNE;93460;93033;EPT Grand Paris Grand Est;93;33;<5;<5
GRETZ ARMAINVILLIERS;77220;77215;CC Les Portes Briardes entre Villes et Forêts;77;<5;0;0
GUIRY EN VEXIN;95450;95295;CC Vexin Centre;95;<5;0;0
GUYANCOURT;78280;78297;CA de Saint-Quentin-en-Yvelines;78;73;8;<5
IVRY SUR SEINE;94200;94041;EPT Grand Orly Val de Bièvre Seine Amont;94;704;53;6
JAMBVILLE;78440;78317;CU Grand Paris Seine et Oise;78;<5;0;0
JOIGNY;89300;89206;CC du Jovinien;89;<5;0;0
JOUQUEVIEL;81190;81110;CC Carmausin-Ségala;81;<5;0;0
JUMEAUVILLE;78580;78325;CU Grand Paris Seine et Oise;78;<5;<5;0
LA CELLE SUR MORIN;77515;77063;CA Coulommiers Pays de Brie;77;<5;0;0
LA GARENNE COLOMBES;92250;92035;EPT Paris Ouest La Défense;92;200;18;<5
LA NORVILLE;91290;91457;CA Cœur d'Essonne Agglomération;91;<5;<5;<5
LAGNY SUR MARNE;77400;77243;CA Marne et Gondoire;77;58;<5;0
LARDY;91510;91330;CC Entre Juine et Renarde (CCEJR);91;6;0;0
LE CHATELET EN BRIE;77820;77100;CC Brie des Rivières et Châteaux;77;<5;<5;0
LE MANS;72100;72181;CU Le Mans Métropole;72;0;0;<5
LE MESNIL ST DENIS;78320;78397;CC de la Haute Vallée de Chevreuse;78;21;0;0
LE PERCHAY;95450;95483;CC Vexin Centre;95;<5;0;0
LE PLESSIS BOUCHARD;95130;95491;CA Val Parisis;95;20;<5;0
LE PORT MARLY;78560;78502;CA Saint-Germain Boucles de Seine;78;12;<5;0
LE PRE ST GERVAIS;93310;93061;EPT Est Ensemble;93;364;15;0
LE TREMBLAY SUR MAULDRE;78490;78623;CC Cœur d'Yvelines;78;<5;0;0
LES BREVIAIRES;78610;78108;CA Rambouillet Territoires;78;<5;0;0
LES CHAPELLES BOURBON;77610;77091;CC Val Briard;77;<5;0;0
LES CLAYES SOUS BOIS;78340;78165;CA de Saint-Quentin-en-Yvelines;78;25;0;<5
LES ULIS;91940;91692;CA Communauté Paris-Saclay;91;49;0;0
LEUVILLE SUR ORGE;91310;91333;CA Cœur d'Essonne Agglomération;91;7;0;0
LEVALLOIS PERRET;92300;92044;EPT Paris Ouest La Défense;92;710;61;15
LONGUESSE;95450;95348;CC Vexin Centre;95;<5;0;0
LONGUEVILLE;77650;77260;CC du Provinois;77;<5;<5;0
MARCOUSSIS;91460;91363;CA Communauté Paris-Saclay;91;16;<5;0
MARGENCY;95580;95369;CA Plaine Vallée;95;11;0;0
MARINES;95640;95370;CC Vexin Centre;95;<5;0;0
MARLY LA VILLE;95670;95371;CA Roissy Pays de France;95;<5;0;0
MAURECOURT;78780;78382;CA de Cergy-Pontoise;78;10;0;0
MERIEL;95630;95392;CC de la Vallée de l'Oise et des Trois Forêts;95;<5;0;0
MERU;60110;60395;CC des Sablons;60;<5;0;0
METZ;57000;57463;Metz Métropole;57;<5;0;0
MITTAINVILLE;78125;78407;CA Rambouillet Territoires;78;<5;0;0
MOGNEVILLE;60140;60404;CC du Liancourtois;60;<5;0;0
MONTEREAU FAULT YONNE;77130;77305;CC Pays de Montereau;77;14;0;<5
MONTFERMEIL;93370;93047;EPT Grand Paris Grand Est;93;45;0;0
MONTFORT L AMAURY;78490;78420;CC Cœur d'Yvelines;78;7;0;0
MONTLIGNON;95680;95426;CA Plaine Vallée;95;15;<5;0
MONTSOULT;95560;95430;CC Carnelle Pays-De-France;95;5;0;0
MORET LOING ET ORVANNE;77250;77316;CC Moret Seine et Loing;77;19;<5;0
NEAUPHLE LE CHATEAU;78640;78442;CC Cœur d'Yvelines;78;12;0;0
NOZAY;91620;91458;CA Communauté Paris-Saclay;91;<5;0;0
OISSERY;77178;77344;CC Plaines et Monts de France;77;<5;0;0
PARIS 07;75007;75107;Paris;75;909;80;17
PARIS 11;75011;75111;Paris;75;3649;232;51
PARIS 13;75013;75113;Paris;75;2354;176;26
PARIS 16;75016;75116;Paris;75;1801;146;29
PARIS 19;75019;75119;Paris;75;4567;212;51
PERIGNY;94520;94056;EPT Grand Paris Sud Est Avenir;94;5;0;0
PIERREFITTE SUR SEINE;93380;93059;EPT Plaine Commune;93;116;<5;0
RENNES;35700;35238;Rennes Métropole;35;<5;0;0
ROCHEFORT EN YVELINES;78730;78522;CA Rambouillet Territoires;78;<5;0;0
ROUVRAY;27120;27501;CA Seine Normandie Agglomération;27;<5;0;0
SAGY;95450;95535;CC Vexin Centre;95;<5;0;0
SANTENY;94440;94070;EPT Grand Paris Sud Est Avenir;94;6;0;0
SAULX MARCHAIS;78650;78588;CC Cœur d'Yvelines;78;<5;0;0
SEPT SORTS;77260;77448;CA Coulommiers Pays de Brie;77;<5;0;0
SEVRAN;93270;93071;EPT Paris Terre d'Envol;93;103;<5;<5
SOUPPES SUR LOING;77460;77458;CC Gâtinais Val de Loing;77;6;0;0
ST GERMAIN DE LA GRANGE;78640;78550;CC Cœur d'Yvelines;78;<5;0;0
ST GERMAIN EN LAYE;78100;78551;CA Saint-Germain Boucles de Seine;78;179;39;<5
ST GERMAIN EN LAYE;78112;78551;CA Saint-Germain Boucles de Seine;78;31;13;0
ST GERMAIN SUR ECOLE;77930;77412;CA du Pays de Fontainebleau;77;<5;0;0
ST LEU LA FORET;95320;95563;CA Val Parisis;95;32;<5;<5
ST MARD;77230;77420;CA Roissy Pays de France;77;<5;0;0
ST MARTIN DE BRETHENCOURT;78660;78564;CA Rambouillet Territoires;78;<5;0;0
ST THIBAULT DES VIGNES;77400;77438;CA Marne et Gondoire;77;14;0;0
TARBES;65000;65440;CA Tarbes-Lourdes-Pyrénées;65;<5;0;0
THIAIS;94320;94073;EPT Grand Orly Val de Bièvre Seine Amont;94;146;7;<5
TORCY;77200;77468;CA Paris - Vallée de la Marne;77;47;0;0
TOULON;83200;83137;Métropole Toulon-Provence-Méditerranée;83;<5;0;0
TOULOUSE;31000;31555;Toulouse Métropole;31;<5;0;0
TOULOUSE;31100;31555;Toulouse Métropole;31;<5;0;<5
TOURS;37100;37261;Tours Métropole Val de Loire;37;<5;0;0
TRAPPES;78190;78621;CA de Saint-Quentin-en-Yvelines;78;41;0;<5
TRILPORT;77470;77475;CA du Pays de Meaux;77;<5;0;0
VALENCE EN BRIE;77830;77480;CC Brie des Rivières et Châteaux;77;<5;0;0
VANNES;56000;56260;CA Golfe du Morbihan - Vannes Agglomération;56;<5;0;0
VAUCRESSON;92420;92076;EPT Paris Ouest La Défense;92;89;9;<5
VAUGRIGNEUSE;91640;91634;CC du Pays de Limours (CCPL);91;<5;0;0
VAUREAL;95490;95637;CA de Cergy-Pontoise;95;30;0;0
VENDREST;77440;77490;CC du Pays de l'Ourcq;77;<5;0;0
VERNEUIL L ETANG;77390;77493;CC Brie Nangissienne;77;<5;0;0
VERNOU LA CELLE SUR SEINE;77670;77494;CC Moret Seine et Loing;77;<5;0;0
VERNOUILLET;78540;78643;CU Grand Paris Seine et Oise;78;15;<5;0
VICQ;78490;78653;CC Cœur d'Yvelines;78;<5;0;0
VIGNEUX SUR SEINE;91270;91657;CA Val d'Yerres Val de Seine;91;57;<5;<5
VILLABE;91100;91659;CA Grand Paris Sud Seine Essonne Sénart;91;6;0;0
VILLE D AVRAY;92410;92077;EPT Grand Paris Seine Ouest;92;181;15;0
VILLECONIN;91580;91662;CC Entre Juine et Renarde (CCEJR);91;<5;0;0
VILLENEUVE LE ROI;94290;94077;EPT Grand Orly Val de Bièvre Seine Amont;94;49;<5;<5
VILLENEUVE ST GEORGES;94190;94078;EPT Grand Orly Val de Bièvre Seine Amont;94;98;0;<5
VILLENEUVE SUR AUVERS;91580;91671;CC Entre Juine et Renarde (CCEJR);91;<5;0;0
VILLENNES SUR SEINE;78670;78672;CU Grand Paris Seine et Oise;78;15;<5;0
VILLEPARISIS;77270;77514;CA Roissy Pays de France;77;29;0;0
VILLEPINTE;93420;93078;EPT Paris Terre d'Envol;93;48;0;0
VILLETANEUSE;93430;93079;EPT Plaine Commune;93;22;0;0
VILLIERS LE BEL;95400;95680;CA Roissy Pays de France;95;37;0;0
VILLIERS SUR MARNE;94350;94079;EPT Paris Est Marne et Bois;94;56;9;0
VIRY CHATILLON;91170;91687;EPT Grand Orly Val de Bièvre Seine Amont;91;54;<5;0
VOULX;77940;77531;CC Pays de Montereau;77;<5;0;0
YERRES;91330;91691;CA Val d'Yerres Val de Seine;91;83;9;<5
ANGERVILLIERS;91470;91017;CC du Pays de Limours (CCPL);91;<5;0;0
ARGENTEUIL;95100;95018;EPT Boucle Nord de Seine;95;477;22;<5
ASNIERES SUR SEINE;92600;92004;EPT Boucle Nord de Seine;92;1133;96;15
AUBERGENVILLE;78410;78029;CU Grand Paris Seine et Oise;78;7;0;0
AUBERVILLIERS;93300;93001;EPT Plaine Commune;93;1122;58;5
BAILLARGUES;34670;34022;Montpellier Méditerranée Métropole;34;<5;0;0
BAILLY;78870;78043;CA Versailles Grand Parc (C.A.V.G.P.);78;18;5;0
BALLAINVILLIERS;91160;91044;CA Communauté Paris-Saclay;91;5;0;0
BEAUVOIR;77390;77029;CC Brie des Rivières et Châteaux;77;<5;0;0
BERCHERES SUR VESGRE;28260;28036;CA Agglo du Pays de Dreux;28;<5;0;0
BOBIGNY;93000;93008;EPT Est Ensemble;93;256;10;<5
BOIS COLOMBES;92270;92009;EPT Boucle Nord de Seine;92;320;35;<5
BOIS LE ROI;77590;77037;CA du Pays de Fontainebleau;77;19;<5;0
BONNEUIL EN FRANCE;95500;95088;CA Roissy Pays de France;95;<5;0;0
BOUGIVAL;78380;78092;CA Versailles Grand Parc (C.A.V.G.P.);78;53;<5;0
BOULEURS;77580;77047;CA Coulommiers Pays de Brie;77;<5;0;0
BRUNOY;91800;91114;CA Val d'Yerres Val de Seine;91;75;<5;0
BRUYERES SUR OISE;95820;95116;CC du Haut Val d'Oise;95;<5;0;0
BUCHELAY;78200;78118;CU Grand Paris Seine et Oise;78;<5;0;0
CHAILLY EN BIERE;77930;77069;CA du Pays de Fontainebleau;77;<5;<5;0
CHAMARANDE;91730;91132;CC Entre Juine et Renarde (CCEJR);91;<5;0;0
CHAMBERY;73000;73065;CA du Grand Chambéry;73;<5;0;0
CHAMIGNY;77260;77078;CA Coulommiers Pays de Brie;77;<5;0;0
CHAMPS SUR MARNE;77420;77083;CA Paris - Vallée de la Marne;77;73;<5;<5
CHANTILLY;60500;60141;CC de l'Aire Cantilienne;60;<5;0;0
CHARENTON LE PONT;94220;94018;EPT Paris Est Marne et Bois;94;299;26;10
CHARNY OREE DE PUISAYE;89120;89086;CC de Puisaye-Forterre;89;<5;0;0
CHAUMES EN BRIE;77390;77107;CC Brie des Rivières et Châteaux;77;<5;<5;0
CHAUSSY;95710;95150;CC du Vexin-Val de Seine;95;0;<5;0
CHAVILLE;92370;92022;EPT Grand Paris Seine Ouest;92;255;38;<5
CLAMART;92140;92023;EPT Vallée Sud Grand Paris;92;973;78;8
COLLEGIEN;77090;77121;CA Marne et Gondoire;77;8;0;<5
CORBEIL ESSONNES;91100;91174;CA Grand Paris Sud Seine Essonne Sénart;91;96;<5;0
COULOMBS EN VALOIS;77840;77129;CC du Pays de l'Ourcq;77;<5;0;0
DIJON;21000;21231;Dijon Métropole;21;<5;0;0
DREUX;28100;28134;CA Agglo du Pays de Dreux;28;0;<5;0
ENGHIEN LES BAINS;95880;95210;CA Plaine Vallée;95;36;<5;<5
EVRY;91000;91228;CA Grand Paris Sud Seine Essonne Sénart;91;152;<5;0
FEUCHEROLLES;78810;78233;CC Gally Mauldre;78;7;0;0
FLEURY MEROGIS;91700;91235;CA Cœur d'Essonne Agglomération;91;<5;<5;0
FONTAINS;77370;77190;CC Brie Nangissienne;77;<5;0;0
FONTENAY SOUS BOIS;94120;94033;EPT Paris Est Marne et Bois;94;652;81;<5
FORGES LES BAINS;91470;91249;CC du Pays de Limours (CCPL);91;6;0;0
FOURQUEUX;78112;78251;;78;17;0;0
GARGENVILLE;78440;78267;CU Grand Paris Seine et Oise;78;13;<5;0
GIVORS;69700;69091;Métropole de Lyon;69;<5;0;0
GOUSSONVILLE;78930;78281;CU Grand Paris Seine et Oise;78;<5;0;0
GROSLAY;95410;95288;CA Plaine Vallée;95;24;<5;0
GROSROUVRE;78490;78289;CC Cœur d'Yvelines;78;<5;0;0
HARDRICOURT;78250;78299;CU Grand Paris Seine et Oise;78;<5;0;0
HERICY;77850;77226;CA du Pays de Fontainebleau;77;6;0;0
HOUDAN;78550;78310;CC du Pays Houdanais (C.C.P.H.);78;<5;<5;0
HOUILLES;78800;78311;CA Saint-Germain Boucles de Seine;78;168;12;<5
JOUY SUR MORIN;77320;77240;CC des Deux Morin;77;<5;0;0
JUZIERS;78820;78327;CU Grand Paris Seine et Oise;78;<5;0;0
L ETANG LA VILLE;78620;78224;CA Saint-Germain Boucles de Seine;78;38;5;<5
L ILE ST DENIS;93450;93039;EPT Plaine Commune;93;61;5;<5
LA FERTE ALAIS;91590;91232;CC du Val d'Essonne (CCVE);91;<5;0;0
LA MADELEINE;59110;59368;Métropole Européenne de Lille;59;<5;0;0
LA ROCHE SUR YON;85000;85191;CA La Roche-sur-Yon Agglomération;85;0;0;<5
LA TRETOIRE;77510;77472;CC des Deux Morin;77;<5;0;0
LAVERSINES;60510;60355;CA du Beauvaisis;60;<5;0;0
LE BIGNON MIRABEAU;45210;45032;CC des Quatre Vallées;45;<5;0;0
LE KREMLIN BICETRE;94270;94043;EPT Grand Orly Val de Bièvre Seine Amont;94;262;8;<5
LE MEE SUR SEINE;77350;77285;CA Melun Val de Seine;77;27;<5;0
LE MESNIL LE ROI;78600;78396;CA Saint-Germain Boucles de Seine;78;20;<5;0
LE PIN;77181;77363;CC Plaines et Monts de France;77;<5;0;0
LE RAINCY;93340;93062;EPT Grand Paris Grand Est;93;58;<5;0
LES MESNULS;78490;78398;CC Cœur d'Yvelines;78;<5;0;0
LES MOLIERES;91470;91411;CC du Pays de Limours (CCPL);91;<5;0;0
LESCHEROLLES;77320;77247;CC des Deux Morin;77;<5;<5;0
LESCHES;77450;77248;CA Marne et Gondoire;77;0;<5;0
LIEUSAINT;77127;77251;CA Grand Paris Sud Seine Essonne Sénart;77;10;<5;0
LIMAY;78520;78335;CU Grand Paris Seine et Oise;78;63;0;0
LISSES;91090;91340;CA Grand Paris Sud Seine Essonne Sénart;91;6;0;0
LOGNES;77185;77258;CA Paris - Vallée de la Marne;77;19;<5;0
LUCHE PRINGE;72800;72175;CC Sud Sarthe;72;<5;0;0
LURE;70200;70310;CC du Pays de Lure;70;<5;0;0
LYON 09;69009;69389;;69;<5;0;0
MAGNY LE HONGRE;77700;77268;CA Val d'Europe Agglomération;77;7;0;0
MANDRES LES ROSES;94520;94047;EPT Grand Paris Sud Est Avenir;94;12;0;0
MANTES LA VILLE;78711;78362;CU Grand Paris Seine et Oise;78;27;0;0
MAREIL MARLY;78750;78367;CA Saint-Germain Boucles de Seine;78;31;<5;<5
MAROLLES EN BRIE;94440;94048;EPT Grand Paris Sud Est Avenir;94;9;0;0
MEUDON;92190;92048;EPT Grand Paris Seine Ouest;92;575;63;6
MOISSON;78840;78410;CC Les Portes de l'Ile de France;78;<5;0;0
MOISSY CRAMAYEL;77550;77296;CA Grand Paris Sud Seine Essonne Sénart;77;10;<5;0
MONS EN MONTOIS;77520;77298;CC Bassée-Montois;77;<5;0;0
MONTCOURT FROMONVILLE;77140;77302;CC Pays de Nemours;77;<5;0;0
MONTESSON;78360;78418;CA Saint-Germain Boucles de Seine;78;53;<5;0
MONTREUIL;28500;28267;CA Agglo du Pays de Dreux;28;<5;0;0
MONTREUIL;93100;93048;EPT Est Ensemble;93;2254;184;21
MONTROUGE;92120;92049;EPT Vallée Sud Grand Paris;92;623;40;7
MORANGIS;91420;91432;EPT Grand Orly Val de Bièvre Seine Amont;91;23;0;0
MORIGNY CHAMPIGNY;91150;91433;CA Étampois Sud-Essonne;91;<5;0;0
NEAUPHLE LE VIEUX;78640;78443;CC Cœur d'Yvelines;78;<5;<5;0
NEMOURS;77140;77333;CC Pays de Nemours;77;9;<5;0
NOGENT SUR OISE;60180;60463;CA Creil Sud Oise;60;5;0;0
NOISIEL;77186;77337;CA Paris - Vallée de la Marne;77;26;<5;0
NOISY LE SEC;93130;93053;EPT Est Ensemble;93;376;28;<5
OINVILLE SUR MONTCIENT;78250;78460;CU Grand Paris Seine et Oise;78;<5;0;0
ORLEANS;45000;45234;Orléans Métropole;45;<5;0;0
ORLY;94310;94054;EPT Grand Orly Val de Bièvre Seine Amont;94;67;0;0
ORPHIN;78125;78470;CA Rambouillet Territoires;78;<5;0;0
OZOIR LA FERRIERE;77330;77350;CC Les Portes Briardes entre Villes et Forêts;77;12;<5;0
PARIS 18;75018;75118;Paris;75;6304;228;67
PARIS 20;75020;75120;Paris;75;4498;182;35
POMMEUSE;77515;77371;CA Coulommiers Pays de Brie;77;<5;0;0
POMPONNE;77400;77372;CA Marne et Gondoire;77;7;<5;0
PONTCARRE;77135;77374;CA Marne et Gondoire;77;<5;0;0
PONTOISE;95300;95500;CA de Cergy-Pontoise;95;100;<5;0
PORCHEVILLE;78440;78501;CU Grand Paris Seine et Oise;78;5;0;0
PORNICHET;44380;44132;CA de la Région Nazairienne et de l'Estuaire (CARENE);44;<5;0;0
PRUNAY EN YVELINES;78660;78506;CA Rambouillet Territoires;78;<5;<5;0
PUSSAY;91740;91511;CA Étampois Sud-Essonne;91;<5;0;0
QUIERS;77720;77381;CC Brie Nangissienne;77;<5;0;0
REAU;77550;77384;CA Grand Paris Sud Seine Essonne Sénart;77;<5;0;0
ROISSY EN BRIE;77680;77390;CA Paris - Vallée de la Marne;77;21;<5;0
ROSNY SUR SEINE;78710;78531;CU Grand Paris Seine et Oise;78;7;0;<5
RUEIL MALMAISON;92500;92063;EPT Paris Ouest La Défense;92;755;53;8
SAINTRY SUR SEINE;91250;91577;CA Grand Paris Sud Seine Essonne Sénart;91;8;0;0
SAMOIS SUR SEINE;77920;77441;CA du Pays de Fontainebleau;77;9;0;0
SARCELLES;95200;95585;CA Roissy Pays de France;95;100;<5;<5
SCEAUX;92330;92071;EPT Vallée Sud Grand Paris;92;234;12;<5
SCHILTIGHEIM;67300;67447;Eurométropole de Strasbourg;67;<5;0;0
SENLISSE;78720;78590;CC de la Haute Vallée de Chevreuse;78;<5;0;0
SENS;89100;89387;CA du Grand Sénonais;89;<5;0;0
SERVON;77170;77450;CC l'Orée de la Brie;77;<5;<5;<5
SEVRES;92310;92072;EPT Grand Paris Seine Ouest;92;332;39;<5
SOISY SOUS MONTMORENCY;95230;95598;CA Plaine Vallée;95;30;9;0
SOISY SUR ECOLE;91840;91599;CC des Deux Vallées;91;<5;0;0
SOUVIGNARGUES;30250;30324;CC du Pays de Sommières;30;<5;0;0
ST DENIS;93200;93066;EPT Plaine Commune;93;724;20;<5
ST GERMAIN LAXIS;77950;77410;CA Melun Val de Seine;77;<5;0;0
ST LAMBERT;78470;78561;CC de la Haute Vallée de Chevreuse;78;0;<5;0
STAINS;93240;93072;EPT Plaine Commune;93;122;<5;0
THIVERVAL GRIGNON;78850;78615;CC Cœur d'Yvelines;78;<5;<5;0
THOIRY;78770;78616;CC Cœur d'Yvelines;78;<5;0;0
THOUARE SUR LOIRE;44470;44204;Nantes Métropole;44;<5;0;0
TOURNAN EN BRIE;77220;77470;CC Les Portes Briardes entre Villes et Forêts;77;11;0;0
VALENCIENNES;59300;59606;CA Valenciennes Métropole;59;<5;0;0
VALENTON;94460;94074;EPT Grand Orly Val de Bièvre Seine Amont;94;37;<5;0
VALPUISEAUX;91720;91629;CA Étampois Sud-Essonne;91;<5;0;0
VERNEUIL SUR SEINE;78480;78642;CU Grand Paris Seine et Oise;78;27;<5;0
VERSAILLES;78000;78646;CA Versailles Grand Parc (C.A.V.G.P.);78;717;112;13
VIGNY;95450;95658;CC Vexin Centre;95;<5;0;0
VILLEJUST;91140;91666;CA Communauté Paris-Saclay;91;<5;0;0
VILLEMOISSON SUR ORGE;91360;91667;CA Cœur d'Essonne Agglomération;91;8;<5;0
VILLENEUVE LA GUYARD;89340;89460;CC Yonne Nord;89;<5;0;0
VILLENEUVE ST DENIS;77174;77510;CA Val d'Europe Agglomération;77;<5;0;0
VILLENOY;77124;77513;CA du Pays de Meaux;77;7;0;0
VILLIERS ADAM;95840;95678;CC de la Vallée de l'Oise et des Trois Forêts;95;<5;0;0
VILLIERS EN BIERE;77190;77518;CA Melun Val de Seine;77;5;0;0
VITRY SUR SEINE;94400;94081;EPT Grand Orly Val de Bièvre Seine Amont;94;647;55;<5
VOUVRAY;37210;37281;CC Touraine-Est Vallées;37;<5;0;0
ABLIS;78660;78003;CA Rambouillet Territoires;78;<5;0;0
ACHERES;78260;78005;CU Grand Paris Seine et Oise;78;36;0;0
AIGREMONT;78240;78007;CA Saint-Germain Boucles de Seine;78;0;<5;0
ALBI;81000;81004;CA de l'Albigeois (C2A);81;<5;0;0
AMBOISE;37400;37003;CC du Val d'Amboise;37;<5;0;0
ANGERS;49000;49007;CU Angers Loire Métropole;49;<5;0;0
ANGICOURT;60940;60013;CC des Pays d'Oise et d'Halatte;60;0;<5;0
ARNOUVILLE;95400;95019;CA Roissy Pays de France;95;17;<5;0
ATTAINVILLE;95570;95028;CA Plaine Vallée;95;<5;0;0
AUFFARGIS;78610;78030;CA Rambouillet Territoires;78;<5;0;0
AVERNES;95450;95040;CC Vexin Centre;95;<5;0;0
AVON;77210;77014;CA du Pays de Fontainebleau;77;28;11;0
BAGNOLET;93170;93006;EPT Est Ensemble;93;733;30;10
BAILLET EN FRANCE;95560;95042;CC Carnelle Pays-De-France;95;<5;0;0
BAULNE;91590;91047;CC du Val d'Essonne (CCVE);91;<5;0;0
BAZEMONT;78580;78049;CC Gally Mauldre;78;0;<5;0
BENNECOURT;78270;78057;CC Les Portes de l'Ile de France;78;<5;0;0
BLENEAU;89220;89046;CC de Puisaye-Forterre;89;<5;0;0
BOISSY ST LEGER;94470;94004;EPT Grand Paris Sud Est Avenir;94;31;<5;<5
BOMBON;77720;77044;CC Brie des Rivières et Châteaux;77;<5;0;0
BONDOUFLE;91070;91086;CA Grand Paris Sud Seine Essonne Sénart;91;5;0;0
BONNIERES SUR SEINE;78270;78089;CC Les Portes de l'Ile de France;78;<5;0;0
BOURG LA REINE;92340;92014;EPT Vallée Sud Grand Paris;92;209;19;0
BREUILLET;91650;91105;CA Cœur d'Essonne Agglomération;91;23;<5;0
BREUX JOUY;91650;91106;CC Le Dourdannais en Hurepoix (CCDH);91;<5;0;0
BRIE COMTE ROBERT;77170;77053;CC l'Orée de la Brie;77;10;0;0
BROU SUR CHANTEREINE;77177;77055;CA Paris - Vallée de la Marne;77;10;0;0
BRY SUR MARNE;94360;94015;EPT Paris Est Marne et Bois;94;64;9;<5
BULLION;78830;78120;CA Rambouillet Territoires;78;<5;0;0
BUSSY ST GEORGES;77600;77058;CA Marne et Gondoire;77;47;<5;<5
BUTRY SUR OISE;95430;95120;CC Sausseron Impressionnistes;95;6;0;0
CARNETIN;77400;77062;CA Marne et Gondoire;77;7;0;0
CERGY;95000;95127;CA de Cergy-Pontoise;95;160;<5;<5
CERGY;95800;95127;CA de Cergy-Pontoise;95;89;<5;0
CERNAY LA VILLE;78720;78128;CA Rambouillet Territoires;78;<5;0;0
CHAILLY EN BRIE;77120;77070;CA Coulommiers Pays de Brie;77;<5;0;0
CHAMPAGNE SUR OISE;95660;95134;CC du Haut Val d'Oise;95;12;0;0
CHAMPIGNELLES;89350;89073;CC de Puisaye-Forterre;89;<5;0;0
CHATEAUFORT;78117;78143;CA Versailles Grand Parc (C.A.V.G.P.);78;6;<5;0
CHATILLON;92320;92020;EPT Vallée Sud Grand Paris;92;532;33;8
CHAVENAY;78450;78152;CC Gally Mauldre;78;5;0;0
CHENNEVIERES SUR MARNE;94430;94019;EPT Grand Paris Sud Est Avenir;94;49;6;0
CHESSY;77700;77111;CA Val d'Europe Agglomération;77;11;0;0
CHEVANNES;91750;91159;CC du Val d'Essonne (CCVE);91;<5;0;0
CHEVILLY LARUE;94550;94021;EPT Grand Orly Val de Bièvre Seine Amont;94;94;<5;0
CHOISY LE ROI;94600;94022;EPT Grand Orly Val de Bièvre Seine Amont;94;193;8;0
CLICHY;92110;92024;EPT Boucle Nord de Seine;92;1010;54;16
CLICHY SOUS BOIS;93390;93014;EPT Grand Paris Grand Est;93;60;<5;0
COMPIEGNE;60200;60159;CA de la Région de Compiègne et de la Basse Automne;60;<5;0;0
CONDE SUR VESGRE;78113;78171;CC du Pays Houdanais (C.C.P.H.);78;<5;0;0
CONFLANS STE HONORINE;78700;78172;CU Grand Paris Seine et Oise;78;46;<5;0
COURDIMANCHE;95800;95183;CA de Cergy-Pontoise;95;7;<5;0
DAMPIERRE EN YVELINES;78720;78193;CC de la Haute Vallée de Chevreuse;78;<5;<5;0
DEUIL LA BARRE;95170;95197;CA Plaine Vallée;95;67;<5;<5
ECQUEVILLY;78920;78206;CU Grand Paris Seine et Oise;78;<5;<5;0
ECULLY;69130;69081;Métropole de Lyon;69;<5;0;0
EGLY;91520;91207;CA Cœur d'Essonne Agglomération;91;11;0;0
ELANCOURT;78990;78208;CA de Saint-Quentin-en-Yvelines;78;40;<5;<5
EPINAY SUR ORGE;91360;91216;CA Communauté Paris-Saclay;91;31;<5;0
EZANVILLE;95460;95229;CA Plaine Vallée;95;16;0;0
FAREMOUTIERS;77515;77176;CA Coulommiers Pays de Brie;77;<5;0;0
FEROLLES ATTILLY;77150;77180;CC Les Portes Briardes entre Villes et Forêts;77;<5;0;0
FLEURY EN BIERE;77930;77185;CA du Pays de Fontainebleau;77;<5;0;0
FONTAINE LE PORT;77590;77188;CC Brie des Rivières et Châteaux;77;5;<5;0
FONTENAY TRESIGNY;77610;77192;CC Val Briard;77;6;0;0
FRANCONVILLE;95130;95252;CA Val Parisis;95;48;<5;<5
GARCHES;92380;92033;EPT Paris Ouest La Défense;92;258;27;<5
GASNY;27620;27279;CA Seine Normandie Agglomération;27;<5;0;0
GENTILLY;94250;94037;EPT Grand Orly Val de Bièvre Seine Amont;94;211;16;0
GOMMECOURT;78270;78276;CC Les Portes de l'Ile de France;78;<5;0;0
GONESSE;95500;95277;CA Roissy Pays de France;95;28;<5;0
GOUSSAINVILLE;95190;95280;CA Roissy Pays de France;95;41;<5;0
GRAULHET;81300;81105;CA Gaillac-Graulhet;81;<5;0;0
GUERVILLE;78930;78291;CU Grand Paris Seine et Oise;78;<5;0;0
IGNY;91430;91312;CA Communauté Paris-Saclay;91;59;<5;<5
ISSY LES MOULINEAUX;92130;92040;EPT Grand Paris Seine Ouest;92;974;73;20
JANVILLE SUR JUINE;91510;91318;CC Entre Juine et Renarde (CCEJR);91;<5;0;0
JANVRY;91640;91319;CC du Pays de Limours (CCPL);91;<5;0;0
JOUARRE;77640;77238;CA Coulommiers Pays de Brie;77;<5;0;0
JOUY EN JOSAS;78350;78322;CA Versailles Grand Parc (C.A.V.G.P.);78;41;<5;0
JUVISY SUR ORGE;91260;91326;EPT Grand Orly Val de Bièvre Seine Amont;91;66;<5;0
L HAY LES ROSES;94240;94038;EPT Grand Orly Val de Bièvre Seine Amont;94;217;13;<5
LA CELLE LES BORDES;78720;78125;CA Rambouillet Territoires;78;<5;0;0
LA CIOTAT;13600;13028;Métropole d'Aix-Marseille-Provence;13;<5;0;0
LA FERTE SOUS JOUARRE;77260;77183;CA Coulommiers Pays de Brie;77;6;<5;0
LA MADELEINE BOUVET;61110;61241;CC Cœur du Perche;61;<5;0;0
LARCHANT;77760;77244;CC Pays de Nemours;77;<5;0;0
LAVAL;53000;53130;CA Laval Agglomération;53;<5;0;0
LE BOURGET;93350;93013;EPT Paris Terre d'Envol;93;73;0;<5
LE COUDRAY;28630;28110;CA Chartres Métropole;28;<5;0;0
LE MANS;72000;72181;CU Le Mans Métropole;72;<5;0;0
LE PECQ;78230;78481;CA Saint-Germain Boucles de Seine;78;72;<5;<5
LE PLESSIS ROBINSON;92350;92060;EPT Vallée Sud Grand Paris;92;273;8;<5
LE PLESSIS TREVISE;94420;94059;EPT Grand Paris Sud Est Avenir;94;39;0;0
LES ALLUETS LE ROI;78580;78010;CU Grand Paris Seine et Oise;78;<5;0;0
LES GRANGES LE ROI;91410;91284;CC Le Dourdannais en Hurepoix (CCDH);91;<5;0;0
LES LILAS;93260;93045;EPT Est Ensemble;93;569;22;<5
LESIGNY;77150;77249;CC Les Portes Briardes entre Villes et Forêts;77;<5;0;0
LEVIS ST NOM;78320;78334;CC de la Haute Vallée de Chevreuse;78;7;0;0
LILLE;59260;59350;Métropole Européenne de Lille;59;<5;0;0
LIMETZ VILLEZ;78270;78337;CC Les Portes de l'Ile de France;78;<5;<5;0
LIVRY GARGAN;93190;93046;EPT Grand Paris Grand Est;93;121;6;<5
LONGPERRIER;77230;77259;CA Roissy Pays de France;77;<5;0;0
LONGUEIL ANNEL;60150;60368;CC des Deux Vallées;60;<5;0;0
LORIENT;56100;56121;CA Lorient Agglomération;56;<5;0;0
LUZARCHES;95270;95352;CC Carnelle Pays-De-France;95;<5;0;0
MAGNY EN VEXIN;95420;95355;CC du Vexin-Val de Seine;95;0;<5;0
MAISONS ALFORT;94700;94046;EPT Paris Est Marne et Bois;94;463;37;9
MAISSE;91720;91359;CC des Deux Vallées;91;<5;0;0
MALAKOFF;92240;92046;EPT Vallée Sud Grand Paris;92;432;32;<5
MAREIL EN FRANCE;95850;95365;CC Carnelle Pays-De-France;95;<5;0;0
MAREIL SUR MAULDRE;78124;78368;CC Gally Mauldre;78;<5;0;0
MAREUIL LES MEAUX;77100;77276;CA du Pays de Meaux;77;7;0;0
MAROLLES EN HUREPOIX;91630;91376;CA Cœur d'Essonne Agglomération;91;<5;0;0
MAROLLES SUR SEINE;77130;77279;CC Pays de Montereau;77;<5;0;0
MARSEILLE 04;13004;13204;;13;<5;0;0
MASSY;91300;91377;CA Communauté Paris-Saclay;91;468;24;5
MAUGES SUR LOIRE;49410;49244;CA Mauges Communauté;49;<5;0;0
MAULE;78580;78380;CC Gally Mauldre;78;11;<5;0
MEAUX;77100;77284;CA du Pays de Meaux;77;96;<5;<5
MELUN;77000;77288;CA Melun Val de Seine;77;121;<5;0
MENNECY;91540;91386;CC du Val d'Essonne (CCVE);91;22;<5;<5
MEUDON;92360;92048;EPT Grand Paris Seine Ouest;92;66;6;0
MILLY LA FORET;91490;91405;CC des Deux Vallées;91;<5;<5;0
MONTGEROULT;95650;95422;CC Vexin Centre;95;<5;0;0
MONTIGNY LE BRETONNEUX;78180;78423;CA de Saint-Quentin-en-Yvelines;78;92;8;<5
MOURS;95260;95436;CC du Haut Val d'Oise;95;<5;0;0
NANTES;44100;44109;Nantes Métropole;44;<5;0;0
NESLES LA VALLEE;95690;95446;CC Sausseron Impressionnistes;95;<5;5;0
NEUVILLE SUR OISE;95000;95450;CA de Cergy-Pontoise;95;8;0;0
NIVILLERS;60510;60461;CA du Beauvaisis;60;<5;0;0
NOINTEL;95590;95452;CC du Haut Val d'Oise;95;<5;0;0
NOISY LE ROI;78590;78455;CA Versailles Grand Parc (C.A.V.G.P.);78;39;6;<5
NOISY SUR ECOLE;77123;77339;CA du Pays de Fontainebleau;77;<5;0;0
NOYELLES SOUS LENS;62221;62628;CA de Lens - Liévin;62;<5;0;0
ORGERUS;78910;78465;CC du Pays Houdanais (C.C.P.H.);78;<5;0;0
ORMESSON SUR MARNE;94490;94055;EPT Grand Paris Sud Est Avenir;94;29;0;0
OTHIS;77280;77349;CA Roissy Pays de France;77;<5;0;0
PALAISEAU;91120;91477;CA Communauté Paris-Saclay;91;299;16;<5
PANTIN;93500;93055;EPT Est Ensemble;93;1219;66;10
PARIS 02;75002;75102;Paris;75;535;46;5
PARIS 06;75006;75106;Paris;75;665;55;5
PARIS 15;75015;75115;Paris;75;3592;264;58
PARIS 17;75017;75117;Paris;75;3836;216;49
PENCHARD;77124;77358;CA du Pays de Meaux;77;<5;0;0
POISSY;78300;78498;CU Grand Paris Seine et Oise;78;124;12;0
PONT L ABBE;29120;29220;CC du Pays Bigouden Sud;29;<5;0;0
PROVINS;77160;77379;CC du Provinois;77;13;0;0
QUINCY SOUS SENART;91480;91514;CA Val d'Yerres Val de Seine;91;8;0;0
REIMS;51100;51454;CU du Grand Reims;51;<5;0;0
RENNES;35000;35238;Rennes Métropole;35;<5;0;0
RICHEBOURG;78550;78520;CC du Pays Houdanais (C.C.P.H.);78;<5;0;0
RIS ORANGIS;91130;91521;CA Grand Paris Sud Seine Essonne Sénart;91;36;0;0
ROZAY EN BRIE;77540;77393;CC Val Briard;77;<5;0;0
RUBELLES;77950;77394;CA Melun Val de Seine;77;7;0;0
SACLAS;91690;91533;CA Étampois Sud-Essonne;91;<5;0;0
SAMOREAU;77210;77442;CA du Pays de Fontainebleau;77;5;0;0
SANNOIS;95110;95582;CA Val Parisis;95;69;<5;0
SEINE PORT;77240;77447;CA Melun Val de Seine;77;5;0;0
SERMAISE;91530;91593;CC Le Dourdannais en Hurepoix (CCDH);91;<5;<5;0
SERRIS;77700;77449;CA Val d'Europe Agglomération;77;14;0;0
ST DENIS;93210;93066;EPT Plaine Commune;93;156;15;0
ST OUEN;93400;93070;EPT Plaine Commune;93;943;59;11
ST PRIX;95390;95574;CA Plaine Vallée;95;15;<5;0
ST REMY L HONORE;78690;78576;CC Cœur d'Yvelines;78;<5;0;0
ST REMY LES CHEVREUSE;78470;78575;CC de la Haute Vallée de Chevreuse;78;41;<5;0
SUCY EN BRIE;94370;94071;EPT Grand Paris Sud Est Avenir;94;104;12;<5
THOMERY;77810;77463;CC Moret Seine et Loing;77;14;<5;0
THORE LA ROCHETTE;41100;41259;CA Territoires Vendômois;41;<5;0;0
TOUL;54200;54528;CC Terres Touloises;54;<5;0;0
TRIEL SUR SEINE;78510;78624;CU Grand Paris Seine et Oise;78;51;<5;0
VALLANGOUJARD;95810;95627;CC Sausseron Impressionnistes;95;<5;0;0
VANVES;92170;92075;EPT Grand Paris Seine Ouest;92;380;39;11
VAUJOURS;93410;93074;EPT Grand Paris Grand Est;93;17;0;0
VAUX LE PENIL;77000;77487;CA Melun Val de Seine;77;15;<5;0
VAUX SUR SEINE;78740;78638;CU Grand Paris Seine et Oise;78;8;<5;0
VELIZY VILLACOUBLAY;78140;78640;CA Versailles Grand Parc (C.A.V.G.P.);78;125;5;0
VENDEUVRE SUR BARSE;10140;10401;CC de Vendeuvre-Soulaines;10;<5;0;0
VERRIERES LE BUISSON;91370;91645;CA Communauté Paris-Saclay;91;183;7;<5
VERT LE GRAND;91810;91648;CC du Val d'Essonne (CCVE);91;<5;0;0
VIEILLE TOULOUSE;31320;31575;CA du Sicoval;31;<5;0;0
VIENNE EN ARTHIES;95510;95656;CC du Vexin-Val de Seine;95;<5;0;0
VILLECRESNES;94440;94075;EPT Grand Paris Sud Est Avenir;94;9;0;0
VILLEJUIF;94800;94076;EPT Grand Orly Val de Bièvre Seine Amont;94;642;40;8
VILLEMOMBLE;93250;93077;EPT Grand Paris Grand Est;93;112;8;<5
VILLENEUVE LA GARENNE;92390;92078;EPT Boucle Nord de Seine;92;79;<5;<5
VILLIERS LE BACLE;91190;91679;CA Communauté Paris-Saclay;91;<5;0;0
VILLIERS ST FREDERIC;78640;78683;CC Cœur d'Yvelines;78;9;<5;0
VIROFLAY;78220;78686;CA Versailles Grand Parc (C.A.V.G.P.);78;166;44;<5
VULAINES SUR SEINE;77870;77533;CA du Pays de Fontainebleau;77;<5;<5;0
YVETOT;76190;76758;CC Yvetot Normandie;76;<5;0;0
ALFORTVILLE;94140;94002;EPT Grand Paris Sud Est Avenir;94;377;31;<5
ANDILLY;95580;95014;CA Plaine Vallée;95;<5;0;0
ANDRESY;78570;78015;CU Grand Paris Seine et Oise;78;27;<5;<5
ARBONNE LA FORET;77630;77006;CA du Pays de Fontainebleau;77;<5;0;0
ARCUEIL;94110;94003;EPT Grand Orly Val de Bièvre Seine Amont;94;221;11;<5
ARPAJON;91290;91021;CA Cœur d'Essonne Agglomération;91;11;0;0
ATHIS MONS;91200;91027;EPT Grand Orly Val de Bièvre Seine Amont;91;81;<5;0
AVRAINVILLE;91630;91041;CA Cœur d'Essonne Agglomération;91;<5;0;0
BAILLY ROMAINVILLIERS;77700;77018;CA Val d'Europe Agglomération;77;11;0;0
BARBERY;60810;60045;CC Senlis Sud Oise;60;<5;0;0
BARBIZON;77630;77022;CA du Pays de Fontainebleau;77;<5;0;0
BAZOCHES SUR GUYONNE;78490;78050;CC Cœur d'Yvelines;78;<5;0;0
BEAUMONT SUR OISE;95260;95052;CC du Haut Val d'Oise;95;6;<5;0
BELLOY EN FRANCE;95270;95056;CC Carnelle Pays-De-France;95;<5;0;0
BEZIERS;34500;34032;CA de Béziers-Méditerranée;34;<5;0;0
BEZONS;95870;95063;CA Saint-Germain Boucles de Seine;95;146;6;<5
BLARU;78270;78068;CC Les Portes de l'Ile de France;78;<5;0;0
BOISSISE LA BERTRAND;77350;77039;CA Melun Val de Seine;77;<5;<5;0
BONDY;93140;93010;EPT Est Ensemble;93;195;5;<5
BORDEAUX;33200;33063;Bordeaux Métropole;33;<5;0;0
BORDEAUX;33800;33063;Bordeaux Métropole;33;<5;0;0
BOUSSY ST ANTOINE;91800;91097;CA Val d'Yerres Val de Seine;91;13;<5;0
BOUTERVILLIERS;91150;91098;CA Étampois Sud-Essonne;91;<5;0;0
BOUTIGNY SUR ESSONNE;91820;91099;CC des Deux Vallées;91;<5;0;0
BRETIGNY SUR ORGE;91220;91103;CA Cœur d'Essonne Agglomération;91;36;<5;0
BRIERES LES SCELLES;91150;91109;CA Étampois Sud-Essonne;91;<5;0;0
BRIIS SOUS FORGES;91640;91111;CC du Pays de Limours (CCPL);91;<5;0;0
BROUE;28410;28062;CA Agglo du Pays de Dreux;28;<5;0;0
BRUYERES LE CHATEL;91680;91115;CA Cœur d'Essonne Agglomération;91;<5;0;0
CAEN;14000;14118;CU Caen la Mer;14;<5;0;0
CARRIERES SOUS POISSY;78955;78123;CU Grand Paris Seine et Oise;78;46;<5;0
CARRIERES SUR SEINE;78420;78124;CA Saint-Germain Boucles de Seine;78;84;9;<5
CHALIFERT;77144;77075;CA Marne et Gondoire;77;<5;0;0
CHAMBOURCY;78240;78133;CA Saint-Germain Boucles de Seine;78;28;<5;0
CHAMPCUEIL;91750;91135;CC du Val d'Essonne (CCVE);91;<5;0;0
CHANTELOUP LES VIGNES;78570;78138;CU Grand Paris Seine et Oise;78;7;0;0
CHARTRES;28000;28085;CA Chartres Métropole;28;<5;0;0
CHEVRY COSSIGNY;77173;77114;CC l'Orée de la Brie;77;<5;0;0
CLAYE SOUILLY;77410;77118;CA Roissy Pays de France;77;11;<5;0
COIGNIERES;78310;78168;CA de Saint-Quentin-en-Yvelines;78;6;0;0
COULOMMES;77580;77130;CA Coulommiers Pays de Brie;77;<5;0;0
COUPVRAY;77700;77132;CA Val d'Europe Agglomération;77;<5;<5;0
COURBEVOIE;92400;92026;EPT Paris Ouest La Défense;92;531;43;8
COURCOURONNES;91080;91182;;91;16;0;0
COURTOMER;77390;77138;CC Val Briard;77;<5;0;<5
CROISSY SUR SEINE;78290;78190;CA Saint-Germain Boucles de Seine;78;46;7;<5
DAMMARIE LES LYS;77190;77152;CA Melun Val de Seine;77;55;5;<5
DOMONT;95330;95199;CA Plaine Vallée;95;14;<5;0
DOURDAN;91410;91200;CC Le Dourdannais en Hurepoix (CCDH);91;13;<5;0
DRANCY;93700;93029;EPT Paris Terre d'Envol;93;197;7;<5
ECOUEN;95440;95205;CA Roissy Pays de France;95;5;0;0
EMANCE;78125;78209;CA Rambouillet Territoires;78;<5;0;0
EMERAINVILLE;77184;77169;CA Paris - Vallée de la Marne;77;10;0;0
EPINAY SUR SEINE;93800;93031;EPT Plaine Commune;93;168;<5;<5
EPONE;78680;78217;CU Grand Paris Seine et Oise;78;8;0;0
ERAGNY;95610;95218;CA de Cergy-Pontoise;95;11;<5;0
ESBLY;77450;77171;CA Val d'Europe Agglomération;77;15;<5;0
ETRECHY;91580;91226;CC Entre Juine et Renarde (CCEJR);91;5;<5;0
FERRIERES EN BRIE;77164;77181;CA Marne et Gondoire;77;12;0;0
FLERS;61100;61169;CA Flers Agglo;61;<5;0;0
FONTENAY LE VICOMTE;91540;91244;CC du Val d'Essonne (CCVE);91;<5;0;0
FONTENAY LES BRIIS;91640;91243;CC du Pays de Limours (CCPL);91;<5;0;0
FOUGERES;35300;35115;CA Fougères Agglomération;35;<5;0;0
FRENEUSE;78840;78255;CC Les Portes de l'Ile de France;78;<5;0;0
GALLUIS;78490;78262;CC Cœur d'Yvelines;78;<5;0;0
GOUVERNES;77400;77209;CA Marne et Gondoire;77;<5;0;0
GRIGNY;91350;91286;CA Grand Paris Sud Seine Essonne Sénart;91;52;0;0
GUERARD;77580;77219;CA Coulommiers Pays de Brie;77;<5;0;0
GUIGNES;77390;77222;CC Brie des Rivières et Châteaux;77;<5;0;0
HARGEVILLE;78790;78300;CU Grand Paris Seine et Oise;78;<5;0;0
HERBLAY;95220;95306;CA Val Parisis;95;60;7;0
HERMERAY;78125;78307;CA Rambouillet Territoires;78;<5;0;0
ISLES LES VILLENOY;77450;77232;CA du Pays de Meaux;77;<5;0;0
ITTEVILLE;91760;91315;CC du Val d'Essonne (CCVE);91;<5;0;0
JOINVILLE LE PONT;94340;94042;EPT Paris Est Marne et Bois;94;177;15;<5
JOUARS PONTCHARTRAIN;78760;78321;CC Cœur d'Yvelines;78;14;0;<5
JOUY LE MOUTIER;95280;95323;CA de Cergy-Pontoise;95;26;<5;0
JUVIGNAC;34990;34123;Montpellier Méditerranée Métropole;34;<5;0;0
LA CELLE ST CLOUD;78170;78126;CA Versailles Grand Parc (C.A.V.G.P.);78;121;<5;<5
LA CHAPELLE LA REINE;77760;77088;CA du Pays de Fontainebleau;77;<5;0;0
LA COURNEUVE;93120;93027;EPT Plaine Commune;93;200;5;<5
LA GENEVRAYE;77690;77202;CC Moret Seine et Loing;77;<5;0;0
LA MADELEINE SUR LOING;77570;77267;CC Gâtinais Val de Loing;77;<5;0;0
LA QUEUE EN BRIE;94510;94060;EPT Grand Paris Sud Est Avenir;94;20;<5;0
LA QUEUE LES YVELINES;78940;78513;CC Cœur d'Yvelines;78;<5;0;0
LA VILLE DU BOIS;91620;91665;CA Communauté Paris-Saclay;91;13;0;0
LAUNAGUET;31140;31282;Toulouse Métropole;31;<5;0;0
LE CHESNAY;78150;78158;CA Versailles Grand Parc (C.A.V.G.P.);78;45;<5;0
LE COUDRAY MONTCEAUX;91830;91179;CA Grand Paris Sud Seine Essonne Sénart;91;<5;0;0
LE HAVRE;76620;76351;CU Le Havre Seine Métropole;76;<5;0;0
LE PERREUX SUR MARNE;94170;94058;EPT Paris Est Marne et Bois;94;219;21;<5
LE PETIT QUEVILLY;76140;76498;Métropole Rouen Normandie;76;<5;0;0
LE PLESSIS PATE;91220;91494;CA Cœur d'Essonne Agglomération;91;8;0;0
LES ESSARTS LE ROI;78690;78220;CA Rambouillet Territoires;78;8;0;0
LES PAVILLONS SOUS BOIS;93320;93057;EPT Grand Paris Grand Est;93;95;<5;0
LEVROUX;36110;36093;CC de la Région de Levroux;36;<5;0;0
LIMOURS;91470;91338;CC du Pays de Limours (CCPL);91;15;<5;0
LINAS;91310;91339;CA Communauté Paris-Saclay;91;19;<5;0
LOUVECIENNES;78430;78350;CA Saint-Germain Boucles de Seine;78;31;0;0
LOUVRES;95380;95351;CA Roissy Pays de France;95;8;0;0
MAGNANVILLE;78200;78354;CU Grand Paris Seine et Oise;78;12;0;0
MAREIL LE GUYON;78490;78366;CC Cœur d'Yvelines;78;<5;0;0
MARNES LA COQUETTE;92430;92047;EPT Grand Paris Seine Ouest;92;11;0;<5
MAUREPAS;78310;78383;CA de Saint-Quentin-en-Yvelines;78;31;<5;0
MEDAN;78670;78384;CU Grand Paris Seine et Oise;78;<5;0;0
MENUCOURT;95180;95388;CA de Cergy-Pontoise;95;9;0;0
MEULAN EN YVELINES;78250;78401;CU Grand Paris Seine et Oise;78;16;0;0
MEZIERES SUR SEINE;78970;78402;CU Grand Paris Seine et Oise;78;<5;0;0
MEZY SUR SEINE;78250;78403;CU Grand Paris Seine et Oise;78;7;0;0
MITRY MORY;77290;77294;CA Roissy Pays de France;77;12;<5;0
MOIGNY SUR ECOLE;91490;91408;CC des Deux Vallées;91;<5;0;0
MONNERVILLE;91930;91414;CA Étampois Sud-Essonne;91;<5;0;0
MONTAINVILLE;78124;78415;CC Gally Mauldre;78;<5;0;0
MONTATAIRE;60160;60414;CA Creil Sud Oise;60;<5;0;0
MONTEVRAIN;77144;77307;CA Marne et Gondoire;77;38;<5;0
MONTIGNY LES CORMEILLES;95370;95424;CA Val Parisis;95;27;<5;0
MONTMORENCY;95160;95428;CA Plaine Vallée;95;97;10;0
MONTRY;77450;77315;CA Val d'Europe Agglomération;77;7;0;0
MORAINVILLIERS;78630;78431;CU Grand Paris Seine et Oise;78;<5;<5;0
MORMANT;77720;77317;CC Brie Nangissienne;77;<5;0;0
MOUROUX;77120;77320;CA Coulommiers Pays de Brie;77;6;0;0
MULHOUSE;68200;68224;CA Mulhouse Alsace Agglomération;68;<5;0;0
NANDY;77176;77326;CA Grand Paris Sud Seine Essonne Sénart;77;<5;<5;0
NANTERRE;92000;92050;EPT Paris Ouest La Défense;92;729;47;6
NARGIS;45210;45222;CC des Quatre Vallées;45;<5;0;0
NEZEL;78410;78451;CU Grand Paris Seine et Oise;78;<5;0;0
NOGENT SUR MARNE;94130;94052;EPT Paris Est Marne et Bois;94;283;39;<5
NOISEAU;94880;94053;EPT Grand Paris Sud Est Avenir;94;10;<5;0
NONVILLE;77140;77340;CC Moret Seine et Loing;77;0;<5;0
ORSAY;91400;91471;CA Communauté Paris-Saclay;91;162;5;0
OSNY;95520;95476;CA de Cergy-Pontoise;95;29;<5;0
PARIS 01;75001;75101;Paris;75;367;20;<5
PARIS 16;75116;75116;Paris;75;483;39;10
PARMAIN;95620;95480;CC de la Vallée de l'Oise et des Trois Forêts;95;6;0;0
PERSAN;95340;95487;CC du Haut Val d'Oise;95;16;0;0
PIERRELAYE;95480;95488;CA Val Parisis;95;14;0;0
PONTOISE;95000;95500;CA de Cergy-Pontoise;95;25;0;0
PRESLES;95590;95504;CC de la Vallée de l'Oise et des Trois Forêts;95;<5;0;0
QUINCY VOISINS;77860;77382;CA du Pays de Meaux;77;<5;0;0
RAIZEUX;78125;78516;CA Rambouillet Territoires;78;<5;0;0
RECLOSES;77760;77386;CA du Pays de Fontainebleau;77;<5;0;0
ROCQUENCOURT;78150;78524;;78;162;23;<5
ROISSY EN FRANCE;95700;95527;CA Roissy Pays de France;95;<5;0;0
RUNGIS;94150;94065;EPT Grand Orly Val de Bièvre Seine Amont;94;18;<5;0
SACLAY;91400;91534;CA Communauté Paris-Saclay;91;14;<5;0
SAILLY;78440;78536;CU Grand Paris Seine et Oise;78;<5;0;0
SAVIGNY LE TEMPLE;77176;77445;CA Grand Paris Sud Seine Essonne Sénart;77;19;<5;0
SAVIGNY SUR ORGE;91600;91589;EPT Grand Orly Val de Bièvre Seine Amont;91;88;<5;0
SOISY BOUY;77650;77456;CC du Provinois;77;<5;0;0
SOISY SUR SEINE;91450;91600;CA Grand Paris Sud Seine Essonne Sénart;91;25;<5;0
SONCHAMP;78120;78601;CA Rambouillet Territoires;78;5;0;0
ST CYR L ECOLE;78210;78545;CA Versailles Grand Parc (C.A.V.G.P.);78;64;5;<5
ST GERMAIN LES CORBEIL;91250;91553;CA Grand Paris Sud Seine Essonne Sénart;91;<5;0;0
ST GERMAIN SOUS DOUE;77169;77411;CC des Deux Morin;77;<5;0;0
ST MANDE;94160;94067;EPT Paris Est Marne et Bois;94;271;24;<5
ST MAUR DES FOSSES;94100;94068;EPT Paris Est Marne et Bois;94;441;46;8
ST MAUR DES FOSSES;94210;94068;EPT Paris Est Marne et Bois;94;92;14;0
ST MAURICE MONTCOURONNE;91530;91568;CC du Pays de Limours (CCPL);91;6;0;0
ST NOM LA BRETECHE;78860;78571;CC Gally Mauldre;78;13;<5;0
ST REMY LA VANNE;77320;77432;CC des Deux Morin;77;<5;0;0
ST SULPICE DE FAVIERES;91910;91578;CC Entre Juine et Renarde (CCEJR);91;<5;0;0
ST WITZ;95470;95580;CA Roissy Pays de France;95;<5;0;0
STE COLOMBE;77650;77404;CC du Provinois;77;<5;0;0
STE GENEVIEVE DES BOIS;91700;91549;CA Cœur d'Essonne Agglomération;91;50;7;0
SURESNES;92150;92073;EPT Paris Ouest La Défense;92;513;31;<5
THORIGNY SUR MARNE;77400;77464;CA Marne et Gondoire;77;19;0;<5
TROYES;10000;10387;CA Troyes Champagne Métropole;10;<5;0;0
VALMONDOIS;95760;95628;CC Sausseron Impressionnistes;95;<5;0;0
VARENNES JARCY;91480;91631;CC l'Orée de la Brie;91;5;<5;0
VARENNES SUR SEINE;77130;77482;CC Pays de Montereau;77;<5;0;0
VAUDOY EN BRIE;77141;77486;CC Val Briard;77;<5;0;0
VENEUX LES SABLONS;77250;77491;;77;0;<5;0
VIGNELY;77450;77498;CA du Pays de Meaux;77;<5;0;0
VILLEBON SUR YVETTE;91140;91661;CA Communauté Paris-Saclay;91;51;<5;0
VILLEMER;77250;77506;CC Moret Seine et Loing;77;<5;0;0
VILLENEUVE LE COMTE;77174;77508;CA Val d'Europe Agglomération;77;<5;0;0
VILLEPREUX;78450;78674;CA de Saint-Quentin-en-Yvelines;78;18;0;0
VILLIERS SOUS GREZ;77760;77520;CC Pays de Nemours;77;<5;0;0
VINCENNES;94300;94080;EPT Paris Est Marne et Bois;94;619;68;6
VOISINS LE BRETONNEUX;78960;78688;CA de Saint-Quentin-en-Yvelines;78;45;7;0
